created_at,lang
2017-11-03 19:03:55,en
2017-11-25 10:00:09,en
2017-12-01 14:55:32,en
2017-12-06 15:50:01,en
2017-12-08 05:26:31,en
2017-12-08 05:47:52,en
2017-12-08 06:27:56,en
2017-12-08 06:58:02,en
2017-12-08 07:08:34,en
2017-12-08 15:16:09,en
2017-12-08 17:29:28,en
2017-12-08 22:37:39,en
2017-12-08 23:30:12,en
2017-12-09 04:59:43,en
2017-12-11 04:57:15,en
2017-12-15 04:37:10,en
2017-12-20 04:00:24,en
2017-12-25 08:42:23,en
2017-12-25 17:47:59,en
2018-01-07 05:44:21,en
2018-01-10 04:36:25,en
2018-01-11 08:32:30,en
2018-01-13 04:51:29,en
2018-01-13 22:14:42,en
2018-01-14 14:03:12,en
2018-01-15 06:15:51,en
2018-01-15 06:40:55,en
2018-01-15 18:39:07,en
2018-01-15 19:30:43,en
2018-01-15 22:27:38,en
2018-01-15 22:48:56,en
2018-01-16 00:09:16,en
2018-01-19 12:20:30,en
2018-01-20 03:30:12,en
2018-01-20 04:36:07,en
2018-01-22 17:51:50,en
2018-01-24 00:05:24,en
2018-01-27 17:28:11,en
2018-02-01 10:19:48,en
2018-04-21 20:18:46,en
2018-04-27 03:31:35,en
2018-05-11 18:19:21,en
2018-05-18 17:33:42,en
2017-03-08 12:01:42,en
2017-03-08 12:01:42,en
2017-03-08 12:01:40,en
2017-03-08 12:01:38,en
2017-03-08 12:01:37,en
2017-03-08 12:01:37,en
2017-03-08 12:01:37,en
2017-03-08 12:01:37,en
2017-03-08 12:01:36,en
2017-03-08 12:01:35,en
2017-03-08 12:01:35,en
2017-03-08 12:01:35,en
2017-03-08 12:01:34,en
2017-03-08 12:01:34,en
2017-03-08 12:01:33,en
2017-03-08 12:01:30,en
2017-03-08 12:01:30,en
2017-03-08 12:01:30,en
2017-03-08 12:01:29,en
2017-03-08 12:01:29,en
2017-03-08 12:01:28,en
2017-03-08 12:01:26,en
2017-03-08 12:01:26,en
2017-03-08 12:01:25,en
2017-03-08 12:01:23,en
2017-03-08 12:01:23,en
2017-03-08 12:01:22,en
2017-03-08 12:01:22,en
2017-03-08 12:01:22,en
2017-03-08 12:01:21,en
2017-03-08 12:01:21,en
2017-03-08 12:01:21,en
2017-03-08 12:01:20,en
2017-03-08 12:01:20,en
2017-03-08 12:01:19,en
2017-03-08 12:01:17,en
2017-03-08 12:01:16,en
2017-03-08 12:01:15,en
2017-03-08 12:01:14,en
2017-03-08 12:01:13,en
2017-03-08 12:01:13,en
2017-03-08 12:01:12,en
2017-03-08 12:01:11,en
2017-03-08 12:01:09,en
2017-03-08 12:01:09,en
2017-03-08 12:01:06,en
2017-03-08 12:01:05,en
2017-03-08 12:01:04,en
2017-03-08 12:01:04,en
2017-03-08 12:01:03,en
2017-03-08 12:01:03,en
2017-03-08 12:01:01,en
2017-03-08 12:01:01,en
2017-03-08 12:01:01,en
2017-03-08 12:01:01,en
2017-03-08 12:01:00,en
2017-03-08 12:01:00,en
2017-03-08 12:00:58,en
2017-03-08 12:00:58,en
2017-03-08 12:00:57,en
2017-03-08 12:00:57,en
2017-03-08 12:00:56,en
2017-03-08 12:00:55,en
2017-03-08 12:00:54,en
2017-03-08 12:00:53,en
2017-03-08 12:00:53,en
2017-03-08 12:00:53,en
2017-03-08 12:00:53,en
2017-03-08 12:00:53,en
2017-03-08 12:00:53,en
2017-03-08 12:00:52,en
2017-03-08 12:00:52,en
2017-03-08 12:00:51,en
2017-03-08 12:00:51,en
2017-03-08 12:00:50,en
2017-03-08 12:00:48,en
2017-03-08 12:00:47,en
2017-03-08 12:00:47,en
2017-03-08 12:00:46,en
2017-03-08 12:00:46,en
2017-03-08 12:00:46,en
2017-03-08 12:00:44,en
2017-03-08 12:00:43,en
2017-03-08 12:00:43,en
2017-03-08 12:00:41,en
2017-03-08 12:00:41,en
2017-03-08 12:00:39,en
2017-03-08 12:00:38,en
2017-03-08 12:00:37,en
2017-03-08 12:00:36,en
2017-03-08 12:00:36,en
2017-03-08 12:00:35,en
2017-03-08 12:00:35,en
2017-03-08 12:00:34,en
2017-03-08 12:00:34,en
2017-03-08 12:00:33,en
2017-03-08 12:00:33,en
2017-03-08 12:00:32,en
2017-03-08 12:00:31,en
2017-03-08 12:00:31,en
2017-03-08 12:00:30,en
2017-03-08 12:00:29,en
2017-03-08 12:00:26,en
2017-03-08 12:00:25,en
2017-03-08 12:00:25,en
2017-03-08 12:00:23,en
2017-03-08 12:00:23,en
2017-03-08 12:00:22,en
2017-03-08 12:00:22,en
2017-03-08 12:00:21,en
2017-03-08 12:00:21,en
2017-03-08 12:00:21,en
2017-03-08 12:00:17,en
2017-03-08 12:00:14,en
2017-03-08 12:00:14,en
2017-03-08 12:00:13,en
2017-03-08 12:00:13,en
2017-03-08 12:00:13,en
2017-03-08 12:00:12,en
2017-03-08 12:00:12,en
2017-03-08 12:00:11,en
2017-03-08 12:00:11,en
2017-03-08 12:00:10,en
2017-03-08 12:00:10,en
2017-03-08 12:00:08,en
2017-03-08 12:00:08,en
2017-03-08 12:00:08,en
2017-03-08 12:00:07,en
2017-03-08 12:00:07,en
2017-03-08 12:00:06,en
2017-03-08 12:00:06,en
2017-03-08 12:00:04,en
2017-03-08 12:00:04,en
2017-03-08 12:00:02,en
2017-03-08 12:00:02,en
2017-03-08 12:00:02,en
2017-03-08 12:00:02,en
2017-03-08 12:00:01,en
2017-03-08 12:00:01,en
2017-03-08 12:00:01,en
2017-03-08 12:00:00,en
2017-03-08 12:00:00,en
2017-03-08 12:00:00,en
2017-03-08 11:59:51,en
2017-03-08 11:59:50,en
2017-03-08 11:59:50,en
2017-03-08 11:59:50,en
2017-03-08 11:59:49,en
2017-03-08 11:59:48,en
2017-03-08 11:59:48,en
2017-03-08 11:59:46,en
2017-03-08 11:59:40,en
2017-03-08 11:59:40,en
2017-03-08 11:59:38,en
2017-03-08 11:59:38,en
2017-03-08 11:59:37,en
2017-03-08 11:59:34,en
2017-03-08 11:59:34,en
2017-03-08 11:59:32,en
2017-03-08 11:59:30,en
2017-03-08 11:59:30,en
2017-03-08 11:59:29,en
2017-03-08 11:59:28,en
2017-03-08 11:59:24,en
2017-03-08 11:59:22,en
2017-03-08 11:59:22,en
2017-03-08 11:59:21,en
2017-03-08 11:59:19,en
2017-03-08 11:59:18,en
2017-03-08 11:59:18,en
2017-03-08 11:59:16,en
2017-03-08 11:59:16,en
2017-03-08 11:59:16,en
2017-03-08 11:59:15,en
2017-03-08 11:59:15,en
2017-03-08 11:59:15,en
2017-03-08 11:59:14,en
2017-03-08 11:59:14,en
2017-03-08 11:59:13,en
2017-03-08 11:59:10,en
2017-03-08 11:59:08,en
2017-03-08 11:59:06,en
2017-03-08 11:59:05,en
2017-03-08 11:59:01,en
2017-03-08 11:58:59,en
2017-03-08 11:58:58,en
2017-03-08 11:58:57,en
2017-03-08 11:58:57,en
2017-03-08 11:58:56,en
2017-03-08 11:58:56,en
2017-03-08 11:58:56,en
2017-03-08 11:58:56,en
2017-03-08 11:58:55,en
2017-03-08 11:58:55,en
2017-03-08 11:58:54,en
2017-03-08 11:58:54,en
2017-03-08 11:58:54,en
2017-03-08 11:58:53,en
2017-03-08 11:58:48,en
2017-03-08 11:58:47,en
2017-03-08 11:58:46,en
2017-03-08 11:58:45,en
2017-03-08 11:58:41,en
2017-03-08 11:58:38,en
2017-03-08 11:58:38,en
2017-03-08 11:58:36,en
2017-03-08 11:58:35,en
2017-03-08 11:58:32,en
2017-03-08 11:58:30,en
2017-03-08 11:58:30,en
2017-03-08 11:58:25,en
2017-03-08 11:58:25,en
2017-03-08 11:58:25,en
2017-03-08 11:58:25,en
2017-03-08 11:58:23,en
2017-03-08 11:58:22,en
2017-03-08 11:58:21,en
2017-03-08 11:58:18,en
2017-03-08 11:58:16,en
2017-03-08 11:58:16,en
2017-03-08 11:58:15,en
2017-03-08 11:58:15,en
2017-03-08 11:58:15,en
2017-03-08 11:58:15,en
2017-03-08 11:58:15,en
2017-03-08 11:58:14,en
2017-03-08 11:58:13,en
2017-03-08 11:58:12,en
2017-03-08 11:58:08,en
2017-03-08 11:58:07,en
2017-03-08 11:58:06,en
2017-03-08 11:58:04,en
2017-03-08 11:58:04,en
2017-03-08 11:58:03,en
2017-03-08 11:58:00,en
2017-03-08 11:58:00,en
2017-03-08 11:57:59,en
2017-03-08 11:57:59,en
2017-03-08 11:57:54,en
2017-03-08 11:57:50,en
2017-03-08 11:57:49,en
2017-03-08 11:57:49,en
2017-03-08 11:57:49,en
2017-03-08 11:57:48,en
2017-03-08 11:57:48,en
2017-03-08 11:57:48,en
2017-03-08 11:57:46,en
2017-03-08 11:57:45,en
2017-03-08 11:57:44,en
2017-03-08 11:57:43,en
2017-03-08 11:57:42,en
2017-03-08 11:57:42,en
2017-03-08 11:57:41,en
2017-03-08 11:57:41,en
2017-03-08 11:57:40,en
2017-03-08 11:57:39,en
2017-03-08 11:57:38,en
2017-03-08 11:57:37,en
2017-03-08 11:57:34,en
2017-03-08 11:57:34,en
2017-03-08 11:57:33,en
2017-03-08 11:57:32,en
2017-03-08 11:57:31,en
2017-03-08 11:57:30,en
2017-03-08 11:57:30,en
2017-03-08 11:57:29,en
2017-03-08 11:57:29,en
2017-03-08 11:57:27,en
2017-03-08 11:57:24,en
2017-03-08 11:57:22,en
2017-03-08 11:57:22,en
2017-03-08 11:57:22,en
2017-03-08 11:57:21,en
2017-03-08 11:57:19,en
2017-03-08 12:04:25,en
2017-03-08 12:04:25,en
2017-03-08 12:04:24,en
2017-03-08 12:04:24,en
2017-03-08 12:04:23,en
2017-03-08 12:04:23,en
2017-03-08 12:04:23,en
2017-03-08 12:04:23,en
2017-03-08 12:04:23,en
2017-03-08 12:04:22,en
2017-03-08 12:04:21,en
2017-03-08 12:04:20,en
2017-03-08 12:04:20,en
2017-03-08 12:04:20,en
2017-03-08 12:04:19,en
2017-03-08 12:04:19,en
2017-03-08 12:04:18,en
2017-03-08 12:04:18,en
2017-03-08 12:04:18,en
2017-03-08 12:04:18,en
2017-03-08 12:04:15,en
2017-03-08 12:04:15,en
2017-03-08 12:04:15,en
2017-03-08 12:04:15,en
2017-03-08 12:04:15,en
2017-03-08 12:04:14,en
2017-03-08 12:04:13,en
2017-03-08 12:04:13,en
2017-03-08 12:04:12,en
2017-03-08 12:04:11,en
2017-03-08 12:04:11,en
2017-03-08 12:04:10,en
2017-03-08 12:04:09,en
2017-03-08 12:04:08,en
2017-03-08 12:04:08,en
2017-03-08 12:04:08,en
2017-03-08 12:04:07,en
2017-03-08 12:04:07,en
2017-03-08 12:04:06,en
2017-03-08 12:04:05,en
2017-03-08 12:04:03,en
2017-03-08 12:04:02,en
2017-03-08 12:04:01,en
2017-03-08 12:03:59,en
2017-03-08 12:03:59,en
2017-03-08 12:03:58,en
2017-03-08 12:03:55,en
2017-03-08 12:03:54,en
2017-03-08 12:03:54,en
2017-03-08 12:03:53,en
2017-03-08 12:03:52,en
2017-03-08 12:03:50,en
2017-03-08 12:03:50,en
2017-03-08 12:03:49,en
2017-03-08 12:03:47,en
2017-03-08 12:03:47,en
2017-03-08 12:03:47,en
2017-03-08 12:03:46,en
2017-03-08 12:03:45,en
2017-03-08 12:03:45,en
2017-03-08 12:03:44,en
2017-03-08 12:03:44,en
2017-03-08 12:03:43,en
2017-03-08 12:03:42,en
2017-03-08 12:03:42,en
2017-03-08 12:03:42,en
2017-03-08 12:03:38,en
2017-03-08 12:03:34,en
2017-03-08 12:03:34,en
2017-03-08 12:03:33,en
2017-03-08 12:03:32,en
2017-03-08 12:03:30,en
2017-03-08 12:03:28,en
2017-03-08 12:03:27,en
2017-03-08 12:03:27,en
2017-03-08 12:03:27,en
2017-03-08 12:03:26,en
2017-03-08 12:03:25,en
2017-03-08 12:03:24,en
2017-03-08 12:03:24,en
2017-03-08 12:03:23,en
2017-03-08 12:03:20,en
2017-03-08 12:03:19,en
2017-03-08 12:03:19,en
2017-03-08 12:03:18,en
2017-03-08 12:03:17,en
2017-03-08 12:03:17,en
2017-03-08 12:03:15,en
2017-03-08 12:03:15,en
2017-03-08 12:03:14,en
2017-03-08 12:03:13,en
2017-03-08 12:03:13,en
2017-03-08 12:03:12,en
2017-03-08 12:03:11,en
2017-03-08 12:03:11,en
2017-03-08 12:03:09,en
2017-03-08 12:03:09,en
2017-03-08 12:03:05,en
2017-03-08 12:03:05,en
2017-03-08 12:03:04,en
2017-03-08 12:03:04,en
2017-03-08 12:03:03,en
2017-03-08 12:03:01,en
2017-03-08 12:03:00,en
2017-03-08 12:02:59,en
2017-03-08 12:02:59,en
2017-03-08 12:02:58,en
2017-03-08 12:02:57,en
2017-03-08 12:02:57,en
2017-03-08 12:02:56,en
2017-03-08 12:02:56,en
2017-03-08 12:02:55,en
2017-03-08 12:02:55,en
2017-03-08 12:02:55,en
2017-03-08 12:02:55,en
2017-03-08 12:02:52,en
2017-03-08 12:02:51,en
2017-03-08 12:02:49,en
2017-03-08 12:02:49,en
2017-03-08 12:02:44,en
2017-03-08 12:02:42,en
2017-03-08 12:02:41,en
2017-03-08 12:02:41,en
2017-03-08 12:02:41,en
2017-03-08 12:02:40,en
2017-03-08 12:02:40,en
2017-03-08 12:02:39,en
2017-03-08 12:02:37,en
2017-03-08 12:02:36,en
2017-03-08 12:02:33,en
2017-03-08 12:02:32,en
2017-03-08 12:02:31,en
2017-03-08 12:02:28,en
2017-03-08 12:02:25,en
2017-03-08 12:02:24,en
2017-03-08 12:02:22,en
2017-03-08 12:02:21,en
2017-03-08 12:02:20,en
2017-03-08 12:02:19,en
2017-03-08 12:02:17,en
2017-03-08 12:02:16,en
2017-03-08 12:02:15,en
2017-03-08 12:02:14,en
2017-03-08 12:02:13,en
2017-03-08 12:02:12,en
2017-03-08 12:02:10,en
2017-03-08 12:02:10,en
2017-03-08 12:02:09,en
2017-03-08 12:02:07,en
2017-03-08 12:02:06,en
2017-03-08 12:02:03,en
2017-03-08 12:02:02,en
2017-03-08 12:02:01,en
2017-03-08 12:01:59,en
2017-03-08 12:01:59,en
2017-03-08 12:01:54,en
2017-03-08 12:01:52,en
2017-03-08 12:01:52,en
2017-03-08 12:01:52,en
2017-03-08 12:01:51,en
2017-03-08 12:01:50,en
2017-03-08 12:01:50,en
2017-03-08 12:01:49,en
2017-03-08 12:01:49,en
2017-03-08 12:01:48,en
2017-03-08 12:01:48,en
2017-03-08 12:01:48,en
2017-03-08 12:01:46,en
2017-03-08 12:01:46,en
2017-03-08 12:01:45,en
2017-03-08 12:01:44,en
2017-03-08 12:06:27,en
2017-03-08 12:06:27,en
2017-03-08 12:06:26,en
2017-03-08 12:06:26,en
2017-03-08 12:06:25,en
2017-03-08 12:06:24,en
2017-03-08 12:06:23,en
2017-03-08 12:06:22,en
2017-03-08 12:06:22,en
2017-03-08 12:06:22,en
2017-03-08 12:06:21,en
2017-03-08 12:06:21,en
2017-03-08 12:06:20,en
2017-03-08 12:06:20,en
2017-03-08 12:06:19,en
2017-03-08 12:06:18,en
2017-03-08 12:06:18,en
2017-03-08 12:06:16,en
2017-03-08 12:06:14,en
2017-03-08 12:06:14,en
2017-03-08 12:06:14,en
2017-03-08 12:06:13,en
2017-03-08 12:06:12,en
2017-03-08 12:06:12,en
2017-03-08 12:06:11,en
2017-03-08 12:06:11,en
2017-03-08 12:06:08,en
2017-03-08 12:06:07,en
2017-03-08 12:06:07,en
2017-03-08 12:06:06,en
2017-03-08 12:06:06,en
2017-03-08 12:06:06,en
2017-03-08 12:06:05,en
2017-03-08 12:06:04,en
2017-03-08 12:06:04,en
2017-03-08 12:06:03,en
2017-03-08 12:06:03,en
2017-03-08 12:06:02,en
2017-03-08 12:06:00,en
2017-03-08 12:06:00,en
2017-03-08 12:06:00,en
2017-03-08 12:05:58,en
2017-03-08 12:05:56,en
2017-03-08 12:05:55,en
2017-03-08 12:05:55,en
2017-03-08 12:05:53,en
2017-03-08 12:05:53,en
2017-03-08 12:05:53,en
2017-03-08 12:05:51,en
2017-03-08 12:05:50,en
2017-03-08 12:05:49,en
2017-03-08 12:05:48,en
2017-03-08 12:05:48,en
2017-03-08 12:05:47,en
2017-03-08 12:05:47,en
2017-03-08 12:05:47,en
2017-03-08 12:05:43,en
2017-03-08 12:05:43,en
2017-03-08 12:05:43,en
2017-03-08 12:05:42,en
2017-03-08 12:05:41,en
2017-03-08 12:05:40,en
2017-03-08 12:05:38,en
2017-03-08 12:05:36,en
2017-03-08 12:05:36,en
2017-03-08 12:05:34,en
2017-03-08 12:05:33,en
2017-03-08 12:05:32,en
2017-03-08 12:05:31,en
2017-03-08 12:05:30,en
2017-03-08 12:05:30,en
2017-03-08 12:05:29,en
2017-03-08 12:05:29,en
2017-03-08 12:05:28,en
2017-03-08 12:05:28,en
2017-03-08 12:05:27,en
2017-03-08 12:05:27,en
2017-03-08 12:05:25,en
2017-03-08 12:05:25,en
2017-03-08 12:05:24,en
2017-03-08 12:05:24,en
2017-03-08 12:05:23,en
2017-03-08 12:05:21,en
2017-03-08 12:05:21,en
2017-03-08 12:05:20,en
2017-03-08 12:05:20,en
2017-03-08 12:05:19,en
2017-03-08 12:05:18,en
2017-03-08 12:05:16,en
2017-03-08 12:05:15,en
2017-03-08 12:05:13,en
2017-03-08 12:05:13,en
2017-03-08 12:05:12,en
2017-03-08 12:05:12,en
2017-03-08 12:05:11,en
2017-03-08 12:05:11,en
2017-03-08 12:05:10,en
2017-03-08 12:05:09,en
2017-03-08 12:05:08,en
2017-03-08 12:05:08,en
2017-03-08 12:05:08,en
2017-03-08 12:05:07,en
2017-03-08 12:05:07,en
2017-03-08 12:05:07,en
2017-03-08 12:05:06,en
2017-03-08 12:05:05,en
2017-03-08 12:05:05,en
2017-03-08 12:08:03,en
2017-03-08 12:08:02,en
2017-08-01 03:06:29,en
2017-08-01 14:31:00,en
2017-08-02 08:00:03,en
2017-08-02 08:27:22,en
2017-08-02 13:33:12,en
2017-08-09 08:24:55,en
2017-08-09 08:36:31,en
2017-07-01 01:47:44,en
2017-07-01 06:15:05,en
2017-07-01 16:24:28,en
2017-07-01 20:35:55,en
2017-07-01 20:40:07,en
2017-07-01 20:40:07,en
